Scheme,N_users,PLR
Proposed,500,0.16232
Proposed-NoBias,500,0.26978
MADRL,500,0.34031
Proposed,1000,0.17749
Proposed-NoBias,1000,0.24854
MADRL,1000,0.35806
Proposed,1500,0.22031
Proposed-NoBias,1500,0.26098
MADRL,1500,0.3594
Proposed,2000,0.2397
Proposed-NoBias,2000,0.28098
MADRL,2000,0.3738
Proposed,2500,0.26252
Proposed-NoBias,2500,0.30659
MADRL,2500,0.39149
Proposed,3000,0.30813
Proposed-NoBias,3000,0.35788
MADRL,3000,0.42279
