Scheme,Jitter_ms,Jitter_std,Switch_Rate,Switch_std
Proposed,46.324,6.949,4.83333,0.725
MADRL,38.159,5.724,3.98067,0.5971
GRLR,41.021,6.153,4.04583,0.60687
STSD,32.499,4.875,1.19133,0.1787
DLBH,33.524,5.029,1.29767,0.19465
